Type,Name,Location/Venue,Number of Events (for Destinations),Event Detail Page Link
Destination,Charleston, WV,Charleston, WV,7,
Destination,Corpus Christi, TX,Corpus Christi, TX,6,
Destination,Lexington, KY,Lexington, KY,10,
Destination,Louisville, KY,Louisville, KY,57,
Destination,Orlando, FL,Orlando, FL,36,
Destination,Pittsburgh, PA,Pittsburgh, PA,71,
Destination,San Antonio, TX,San Antonio, TX,763,
Destination,Tulsa, OK,Tulsa, OK,3,
Event,Pittsburgh Bridal Showcase And Women’s Expo 2026,David L. Lawrence Convention Center,,Not provided in snapshot
Event,The Institute Of Electrical And Electronics Engineers Incorporated/Ieee Applied Power Electronics Conference (Ieee Apec 2026),Henry B. Gonzalez Convention Center,,Not provided in snapshot
Event,2026 Visitpittsburgh Annual Meeting,David L. Lawrence Convention Center,,Not provided in snapshot
Event,Anpd 2026 Aspire Convention,Kentucky International Convention Center,,Not provided in snapshot
Event,2026 College Fair,David L. Lawrence Convention Center,,Not provided in snapshot
Event,2026 Pasbo Annual Meeting,David L. Lawrence Convention Center,,Not provided in snapshot
Event,Dirty Dancing In Concert,Central Bank Center,,Not provided in snapshot
Event,Henry Cho: The Empty Nest Tour,Central Bank Center,,Not provided in snapshot
Event,Sages Postgraduate Course & Scientific Session 2026,Tampa Convention Center,,Not provided in snapshot
Event,The Assembly Show South & The Quality Show South,Music City Center,,Not provided in snapshot
Event,Anpd 2026 Aspire Convention,Kentucky International Convention Center,,Not provided in snapshot
Event,Nbaa Schedulers & Dispatchers Conference Spring 2026,Huntington Convention Center of Cleveland,,Not provided in snapshot
Event,Apparel & Accessories Market + Total Home & Gift Market,Dallas Market Center,,Not provided in snapshot
Event,Iteea 2026 Annual Conference,Virginia Beach Convention Center,,Not provided in snapshot
Event,Aba Techshow 2026,McCormick Place,,Not provided in snapshot